<?xml version="1.0" encoding="UTF-8"?>

<beans xmlns="http://www.springframework.org/schema/beans"
	xmlns:xsi="http://www.w3.org/2001/XMLSchema-instance" xmlns:context="http://www.springframework.org/schema/context"
	xmlns:aop="http://www.springframework.org/schema/aop"
	xsi:schemaLocation="http://www.springframework.org/schema/beans http://www.springframework.org/schema/beans/spring-beans.xsd
		http://www.springframework.org/schema/context http://www.springframework.org/schema/context/spring-context.xsd
		http://www.springframework.org/schema/aop http://www.springframework.org/schema/aop/spring-aop.xsd">
	<!-- 引入属性文件 -->  
	<context:property-placeholder location="classpath*:spring/ftp.properties" ignore-unresolvable="true"/>
	<context:property-placeholder location="classpath*:spring/test.properties" ignore-unresolvable="true"/>
	
	<context:component-scan base-package="com.yxjn.myapp">
		<context:include-filter type="annotation" expression="org.springframework.stereotype.Service" />
	</context:component-scan>
	
	<!-- 加载 其他xml文件 -->
	<import resource="classpath:spring/mybatis.xml" />
	<import resource="classpath:spring/quartz-task.xml" />
	
	<aop:aspectj-autoproxy />
	<bean id="aop1" class="com.yxjn.myapp.TestAop" />
</beans>
