<?xml version="1.0" encoding="UTF-8"?>  
<beans xmlns="http://www.springframework.org/schema/beans"  
    xmlns:tx="http://www.springframework.org/schema/tx"   
    xmlns:xsi="http://www.w3.org/2001/XMLSchema-instance"  
    xmlns:context="http://www.springframework.org/schema/context"  
    xmlns:aop="http://www.springframework.org/schema/aop"   
    xmlns:p="http://www.springframework.org/schema/p"  
    xsi:schemaLocation="http://www.springframework.org/schema/beans   
       http://www.springframework.org/schema/beans/spring-beans.xsd  
       http://www.springframework.org/schema/tx   
       http://www.springframework.org/schema/tx/spring-tx.xsd  
       http://www.springframework.org/schema/context   
       http://www.springframework.org/schema/context/spring-context.xsd  
       http://www.springframework.org/schema/aop  
       http://www.springframework.org/schema/aop/spring-aop.xsd"> 
       
    <!-- 引入属性文件 -->  
	<context:property-placeholder  location="classpath*:spring/jdbc.properties" ignore-unresolvable="true"/>
	
    <bean id = "dataSource" class = "com.alibaba.druid.pool.DruidDataSource" destroy-method = "close" >    
       <!-- 数据库基本信息配置 -->  
       <property name = "url" value = "${url}" />    
       <property name = "username" value = "${username}" />    
       <property name = "password" value = "${password}" />    
       <property name = "driverClassName" value = "${driverClassName}" />    
       <property name = "filters" value = "${filters}" />    
        <!-- 最大并发连接数 -->  
       <property name = "maxActive" value = "${maxActive}" />  
       <!-- 初始化连接数量 -->  
       <property name = "initialSize" value = "${initialSize}" />  
       <!-- 配置获取连接等待超时的时间 -->  
       <property name = "maxWait" value = "${maxWait}" />  
       <!-- 最小空闲连接数 -->  
       <property name = "minIdle" value = "${minIdle}" />    
       <!-- 配置间隔多久才进行一次检测，检测需要关闭的空闲连接，单位是毫秒 -->  
       <property name = "timeBetweenEvictionRunsMillis" value ="${timeBetweenEvictionRunsMillis}" />  
       <!-- 配置一个连接在池中最小生存的时间，单位是毫秒 -->  
       <property name = "minEvictableIdleTimeMillis" value ="${minEvictableIdleTimeMillis}" />    
       <property name = "validationQuery" value = "${validationQuery}" />    
       <property name = "testWhileIdle" value = "${testWhileIdle}" />    
       <property name = "testOnBorrow" value = "${testOnBorrow}" />    
       <property name = "testOnReturn" value = "${testOnReturn}" />    
       <property name = "maxOpenPreparedStatements" value ="${maxOpenPreparedStatements}" />  
       <!-- 打开 removeAbandoned 功能 -->  
       <property name = "removeAbandoned" value = "${removeAbandoned}" />  
       <!-- 1800 秒，也就是 30 分钟 -->  
       <property name = "removeAbandonedTimeout" value ="${removeAbandonedTimeout}" />  
       <!-- 关闭 abanded 连接时输出错误日志 -->     
       <property name = "logAbandoned" value = "${logAbandoned}" />  
    </bean>  

    <!-- myBatis文件 -->  
    <!-- 配置sqlSessionFactory -->
    <bean id="sqlSessionFactory" class="org.mybatis.spring.SqlSessionFactoryBean">
        <!-- 实例化sqlSessionFactory时需要使用上述配置好的数据源以及SQL映射文件 -->
        <property name="dataSource" ref="dataSource" />
        <!-- 自动扫描me/gacl/mapping/目录下的所有SQL映射的xml文件, 省掉Configuration.xml里的手工配置
        value="classpath:me/gacl/mapping/*.xml"指的是classpath(类路径)下me.gacl.mapping包中的所有xml文件
        UserMapper.xml位于me.gacl.mapping包下，这样UserMapper.xml就可以被自动扫描
         -->
        <property name="mapperLocations" value="classpath:mapping/*Mapper.xml"/>
    </bean>  

    <!-- 配置扫描器 -->
    <bean class="org.mybatis.spring.mapper.MapperScannerConfigurer">  
        <!-- 扫描me.gacl.dao这个包以及它的子包下的所有映射接口类 -->
        <property name="basePackage" value="com.yxjn.myapp.dao"/>
        <property name="sqlSessionFactoryBeanName" value="sqlSessionFactory" />  
    </bean>
    
    <!-- 配置事务管理器 -->  
    <bean id="transactionManager" class="org.springframework.jdbc.datasource.DataSourceTransactionManager">  
        <property name="dataSource" ref="dataSource" />  
    </bean>  
    
    <!-- 注解方式配置事物 -->  
    <tx:annotation-driven transaction-manager="transactionManager" />  
    
</beans>