<?xml version="1.0" encoding="UTF-8" ?>  
<!DOCTYPE mapper  
PUBLIC "-//mybatis.org//DTD Mapper 3.0//EN"  
"http://mybatis.org/dtd/mybatis-3-mapper.dtd">  
<mapper namespace="com.yxjn.myapp.dao.DemoDao">  
	<insert id="addOne" parameterType="com.yxjn.myapp.entity.DemoEntity">  
    <![CDATA[
        insert into demo(name,intro) values(#{name},#{intro})
        ]]>
    </insert>  
    
    <select id="queryList" resultType="com.yxjn.myapp.entity.DemoEntity">  
        select id,name,intro from demo
    </select> 
    
    <select id="queryPage" resultType="com.yxjn.myapp.entity.DemoEntity">  
        select id,name,intro from demo limit #{startNo},#{size}
    </select> 
    
    <select id="count" resultType="java.lang.Integer">  
        select count(1) from demo
    </select> 
    
    <insert id="addList">  
        insert into demo(name,intro) values 
        <foreach collection="list" item="demo" separator=",">
       		(
       			#{demo.name}
       			,#{demo.intro}
       		)
        </foreach>
    </insert> 
    
    <delete id="remove" parameterType="java.lang.String">  
        delete from demo where id = #{id}
    </delete> 
    
    <delete id="removeIn">  
        delete from demo where id in 
        <foreach collection="list" close=")" separator="," open="(" item="id">
        	#{id}
        </foreach>
    </delete> 
    
    <update id="modify" parameterType="com.yxjn.myapp.entity.DemoEntity">  
        update demo set name=#{name},intro=#{intro} where id=#{id}
    </update> 
    
    <select id="queryOne" resultType="com.yxjn.myapp.entity.DemoEntity">  
        select id,name,intro from demo where id=#{id}
    </select>
</mapper>  