<?xml version="1.0" encoding="UTF-8"?>
<beans xmlns="http://www.springframework.org/schema/beans"
	xmlns:xsi="http://www.w3.org/2001/XMLSchema-instance" xmlns:context="http://www.springframework.org/schema/context"
	xsi:schemaLocation="http://www.springframework.org/schema/beans http://www.springframework.org/schema/beans/spring-beans-3.0.xsd
	http://www.springframework.org/schema/context http://www.springframework.org/schema/context/spring-context.xsd"
	default-lazy-init="false">

	<bean name="reportTask"
		class="org.springframework.scheduling.quartz.JobDetailFactoryBean">
		<property name="jobClass" value="com.yxjn.myapp.service.schedule.LoadTask" />
		<property name="durability" value="true" /> 
	</bean>
	<!-- 触发器 -->
	<bean id="cronTrigger"
		class="org.springframework.scheduling.quartz.CronTriggerFactoryBean">
		<!-- 指向我们的任务 -->
		<property name="jobDetail" ref="reportTask" />
		<!-- 每10s触发一次 -->
		<property name="cronExpression" value="0/15 * * * * ?" />
	</bean>

	<!-- 调度器 -->
	<bean class="org.springframework.scheduling.quartz.SchedulerFactoryBean">
		<property name="triggers">
			<list>
				<!-- 触发器列表 -->
				<ref bean="cronTrigger" />
			</list>
		</property>
		
		<!-- quartz集群 -->
		<property name="configLocation" value="classpath:spring/quartz.properties" />
		<!--可选，QuartzScheduler启动时更新己存在的Job，这样就不用每次修改targetObject后删除qrtz_job_details表对应记录了 -->
		<property name="overwriteExistingJobs" value="true" />
		<!-- 延迟10s启动 -->
		<property name="startupDelay" value="10" />
	</bean>
</beans>