<?xml version="1.0" encoding="UTF-8"?>
<beans xmlns="http://www.springframework.org/schema/beans" xmlns:xsi="http://www.w3.org/2001/XMLSchema-instance"
 xsi:schemaLocation="http://www.springframework.org/schema/beans http://www.springframework.org/schema/beans/spring-beans-3.0.xsd"
 default-lazy-init="false">
 
	<bean id="businessReport" class="com.yxjn.myapp.service.schedule.LoadTask" />
 	<bean name="reportTask"  
        class="org.springframework.scheduling.quartz.JobDetailFactoryBean">  
        <property name="jobClass" value="com.yxjn.myapp.service.schedule.LoadTask" />  
    </bean>
 
 	<!-- 触发器 -->  
    <bean id="cronTrigger"  
        class="org.springframework.scheduling.quartz.CronTriggerFactoryBean">  
        <!-- 指向我们的任务 -->  
        <property name="jobDetail" ref="reportTask" />  
        <!-- 每10s触发一次 -->  
        <property name="cronExpression" value="0/10 * * * * ?" />  
    </bean> 
    <!-- 调度器  -->  
    <bean  
        class="org.springframework.scheduling.quartz.SchedulerFactoryBean">  
        <property name="triggers">  
            <list>  
                <!--  触发器列表 -->  
                <ref bean="cronTrigger" />  
            </list>  
        </property>  
    </bean>  
</beans>