<?xml version="1.0" encoding="UTF-8"?>

<beans xmlns="http://www.springframework.org/schema/beans" xmlns:xsi="http://www.w3.org/2001/XMLSchema-instance"
	xmlns:mvc="http://www.springframework.org/schema/mvc" xmlns:context="http://www.springframework.org/schema/context"
	xmlns:task="http://www.springframework.org/schema/task"
	xsi:schemaLocation="http://www.springframework.org/schema/mvc http://www.springframework.org/schema/mvc/spring-mvc.xsd
		http://www.springframework.org/schema/beans http://www.springframework.org/schema/beans/spring-beans.xsd
		http://www.springframework.org/schema/context http://www.springframework.org/schema/context/spring-context.xsd
		http://www.springframework.org/schema/task http://www.springframework.org/schema/task/spring-task-3.2.xsd">
	
	<!-- 在这定义的引入属性文件都要在spring配置文件（只针对service层）引入 -->
	<context:property-placeholder  location="classpath*:spring/ftp.properties" ignore-unresolvable="true"/>
	
	<!-- 文件上传解析器 -->  
    <bean id="multipartResolver"    
        class="org.springframework.web.multipart.commons.CommonsMultipartResolver">    
        <!--1024*200即200k--> 
        <property name="maxUploadSize" value="204800" /> 
        <property name="defaultEncoding" value="UTF-8" />
        <!--resolveLazily属性启用是为了推迟文件解析，以便在UploadAction 中捕获文件大小异常-->    
        <property name="resolveLazily" value="true" />
    </bean> 
	
	<bean class="org.springframework.web.servlet.mvc.method.annotation.RequestMappingHandlerAdapter">  
        <property name="messageConverters">  
            <list>  
                <bean id="stringHttpMessageConverter" class="org.springframework.http.converter.StringHttpMessageConverter">  
                    <property name="writeAcceptCharset" value="false" /> <!--  用于避免响应头过大  -->  
                    <property name="supportedMediaTypes">  
                        <list>  
                            <value>application/json;charset=UTF-8</value>  
                        </list>  
                    </property>  
                </bean>  
                <bean class="org.springframework.http.converter.json.MappingJackson2HttpMessageConverter" />  
            </list>  
        </property>  
    </bean>
    <mvc:annotation-driven />
    
	<!--  开启注解  -->
	<context:component-scan base-package="com.yxjn.myapp">
		<context:exclude-filter type="annotation" expression="org.springframework.stereotype.Service"/>
	</context:component-scan>

	<!-- 针对freemarker的视图配置 -->
<!-- 	<bean id="viewResolver" -->
<!-- 	        class="org.springframework.web.servlet.view.freemarker.FreeMarkerViewResolver"> -->
<!-- 	        <property name="cache" value="true" /> -->
<!-- 	        <property name="prefix" value="" /> -->
<!-- 	        <property name="suffix" value=".ftl" /> -->
<!-- 	        <property name="contentType" value="text/html;charset=UTF-8"></property> -->
<!-- 	        <property name="requestContextAttribute" value="request" /> -->
<!-- 	        <property name="exposeSpringMacroHelpers" value="true" /> -->
<!-- 	        <property name="exposeRequestAttributes" value="true" /> -->
<!-- 	        <property name="exposeSessionAttributes" value="true" /> -->
<!-- 	</bean> -->
	<!-- 配置freeMarker的模板路径 -->
<!-- 	<bean id="freemarkerConfig" class="org.springframework.web.servlet.view.freemarker.FreeMarkerConfigurer"> -->
<!-- 		<property name="freemarkerSettings"> -->
<!--             <props> -->
<!--                 <prop key="tag_syntax">auto_detect</prop> -->
<!--                 <prop key="template_update_delay">5</prop> -->
<!--                 <prop key="defaultEncoding">UTF-8</prop> -->
<!--                 <prop key="url_escaping_charset">UTF-8</prop> -->
<!--                 <prop key="locale">zh_CN</prop> -->
<!--                 <prop key="boolean_format">true,false</prop> -->
<!--                 <prop key="datetime_format">yyyy-MM-dd HH:mm:ss</prop> -->
<!--                 <prop key="date_format">yyyy-MM-dd</prop> -->
<!--                 <prop key="time_format">HH:mm:ss</prop> -->
<!--                 <prop key="number_format">0.######</prop> -->
<!--                 <prop key="whitespace_stripping">true</prop> -->
<!--                 <prop key="classic_compatible">true</prop> -->
<!--                  <prop key="auto_import">/ftl/tags/index.ftl as p,/ftl/spring.ftl as s</prop> -->
<!--             </props> -->
<!--         </property> -->
<!-- 	    <property name="templateLoaderPath" value="/WEB-INF/view/"/> -->
<!-- 	</bean> -->
	
	<bean class="org.springframework.web.servlet.view.InternalResourceViewResolver">
	        <property name="prefix" value="/WEB-INF/view/"/>
	        <property name="suffix" value=".jsp"/>
	</bean>
	
	<mvc:interceptors>
		<mvc:interceptor>
			<mvc:mapping path="/**" />
			<bean class="com.yxjn.myapp.TestInterceptor1" />
		</mvc:interceptor>
		
		<mvc:interceptor>
			<mvc:mapping path="/**" />
			<bean class="com.yxjn.myapp.TestInterceptor2" />
		</mvc:interceptor>
	</mvc:interceptors>
	
	<!--使用spring的异步@Async简单定义方式 -->  
    <task:annotation-driven />   
    <!--异步定义推荐方式  -->  
<!--     <task:executor id="executor" pool-size="15" />   -->
<!--     <task:scheduler id="scheduler" pool-size="30" />   -->
<!--     <task:annotation-driven executor="executor" scheduler="scheduler" />  -->
</beans>
